/*==============================================================*/
/* dbms name:      mysql 5.0+                                   */
/* created on:     2020-6-9 18:28:57   www.roncoo.com           */
/*==============================================================*/
-- ------------------------------step 1  菜单-------------------------------------------------
-- 菜单初始化数据
--  -- 菜单的初始化数据
insert into pms_menu (id,version,status,creater,create_time, editor, edit_time, remark, name, url, number, is_leaf, level, parent_id, target_name) values
(1,0, 'ACTIVE','roncoo','2016-06-03 11:07:43', 'admin','2016-06-03 11:07:43', '', '权限管理', '##', '001', 'NO', 1, 0, '#'),
(2,0, 'ACTIVE','roncoo','2016-06-03 11:07:43', 'admin','2016-06-03 11:07:43', '', '菜单管理', 'pms/menu/list', '00101', 'YES', 2, 1, 'cdgl'),
(3,0, 'ACTIVE','roncoo','2016-06-03 11:07:43', 'admin','2016-06-03 11:07:43', '', '权限管理', 'pms/permission/list', '00102', 'YES',2, 1, 'qxgl'),
(4,0, 'ACTIVE','roncoo','2016-06-03 11:07:43', 'admin','2016-06-03 11:07:43', '', '角色管理', 'pms/role/list', '00103', 'YES',2, 1, 'jsgl'),
(5,0, 'ACTIVE','roncoo','2016-06-03 11:07:43', 'admin','2016-06-03 11:07:43', '', '操作员管理', 'pms/operator/list', '00104', 'YES',2, 1, 'czygl'),

(10,0, 'ACTIVE','roncoo','2016-06-03 11:07:43', 'admin','2016-06-03 11:07:43', '', '账户管理', '##', '002', 'NO', 1, 0, '#'),
(12,0, 'ACTIVE','roncoo','2016-06-03 11:07:43', 'admin','2016-06-03 11:07:43', '', '账户信息', 'account/list', '00201', 'YES',2, 10, 'zhxx'),
(13,0, 'ACTIVE','roncoo','2016-06-03 11:07:43', 'admin','2016-06-03 11:07:43', '', '账户历史信息', 'account/historyList', '00202', 'YES',2, 10, 'zhlsxx'),

(20,0, 'ACTIVE','roncoo','2016-06-03 11:07:43', 'admin','2016-06-03 11:07:43', '', '用户管理', '##', '003', 'NO', 1, 0, '#'),
(22,0, 'ACTIVE','roncoo','2016-06-03 11:07:43', 'admin','2016-06-03 11:07:43', '', '用户信息', 'user/info/list', '00301', 'YES',2, 20, 'yhxx'),

(30,0, 'ACTIVE','roncoo','2016-06-03 11:07:43', 'admin','2016-06-03 11:07:43', '', '支付管理', '##', '004', 'NO', 1, 0, '#'),
(32,0, 'ACTIVE','roncoo','2016-06-03 11:07:43', 'admin','2016-06-03 11:07:43', '', '支付产品信息', 'pay/product/list', '00401', 'YES',2, 30, 'zfcpgl'),
(33,0, 'ACTIVE','roncoo','2016-06-03 11:07:43', 'admin','2016-06-03 11:07:43', '', '用户支付配置', 'pay/config/list', '00402', 'YES',2, 30, 'yhzfpz'),

(40,0, 'ACTIVE','roncoo','2016-06-03 11:07:43', 'admin','2016-06-03 11:07:43', '', '交易管理', '##', '005', 'NO', 1, 0, '#'),
(42,0, 'ACTIVE','roncoo','2016-06-03 11:07:43', 'admin','2016-06-03 11:07:43', '', '支付订单管理', 'trade/listPaymentOrder', '00501', 'YES',2, 40, 'zfddgl'),
(43,0, 'ACTIVE','roncoo','2016-06-03 11:07:43', 'admin','2016-06-03 11:07:43', '', '支付记录管理', 'trade/listPaymentRecord', '00502', 'YES',2, 40, 'zfjjgl'),
(47,0, 'ACTIVE','roncoo','2016-06-03 11:07:43', 'admin','2016-06-03 11:07:43', '', '进件记录管理', '/trade/micro/submit/record/list', '00107', 'YES',2, 40, 'jjjlgl'),

(50,0, 'ACTIVE','roncoo','2016-06-03 11:07:43', 'admin','2016-06-03 11:07:43', '', '结算管理', '##', '006', 'NO', 1, 0, '#'),
(52,0, 'ACTIVE','roncoo','2016-06-03 11:07:43', 'admin','2016-06-03 11:07:43', '', '结算记录管理', 'sett/list', '00601', 'YES',2, 50, 'jsjlgl'),

(60,0, 'ACTIVE','roncoo','2016-06-03 11:07:43', 'admin','2016-06-03 11:07:43', '', '对账管理', '##', '007', 'NO', 1, 0, '#'),
(62,0, 'ACTIVE','roncoo','2016-06-03 11:07:43', 'admin','2016-06-03 11:07:43', '', '对账差错列表', 'reconciliation/list/mistake', '00701', 'YES',2, 60, 'dzcclb'),
(63,0, 'ACTIVE','roncoo','2016-06-03 11:07:43', 'admin','2016-06-03 11:07:43', '', '对账批次列表', 'reconciliation/list/checkbatch', '00702', 'YES',2, 60, 'dzpclb'),
(64,0, 'ACTIVE','roncoo','2016-06-03 11:07:43', 'admin','2016-06-03 11:07:43', '', '对账缓冲池列表', 'reconciliation/list/scratchPool', '00703', 'YES',2, 60, 'dzhcclb');

-- ------------------------------step 2：权限功能点-------------------------------------------------
-- 权限功能点的初始化数据


insert into pms_permission (id,version,status,creater,create_time, editor, edit_time, remark, permission_name, permission) values
 (1, 0,'ACTIVE', 'roncoo','2016-06-03 11:07:43', 'test', '2016-06-03 11:07:43','权限管理-菜单-查看','权限管理-菜单-查看','pms:menu:view'),
 (2, 0,'ACTIVE', 'roncoo','2016-06-03 11:07:43', 'test', '2016-06-03 11:07:43','权限管理-菜单-添加','权限管理-菜单-添加','pms:menu:add'),
 (3, 0,'ACTIVE', 'roncoo','2016-06-03 11:07:43', 'test', '2016-06-03 11:07:43','权限管理-菜单-查看','权限管理-菜单-修改','pms:menu:edit'),
 (4, 0,'ACTIVE', 'roncoo','2016-06-03 11:07:43', 'test', '2016-06-03 11:07:43','权限管理-菜单-删除','权限管理-菜单-删除','pms:menu:delete'),

 (11, 0,'ACTIVE', 'roncoo','2016-06-03 11:07:43', 'test', '2016-06-03 11:07:43','权限管理-权限-查看','权限管理-权限-查看','pms:permission:view'),
 (12, 0,'ACTIVE', 'roncoo','2016-06-03 11:07:43', 'test', '2016-06-03 11:07:43','权限管理-权限-添加','权限管理-权限-添加','pms:permission:add'),
 (13, 0,'ACTIVE', 'roncoo','2016-06-03 11:07:43', 'test', '2016-06-03 11:07:43','权限管理-权限-修改','权限管理-权限-修改','pms:permission:edit'),
 (14, 0,'ACTIVE', 'roncoo','2016-06-03 11:07:43', 'test', '2016-06-03 11:07:43','权限管理-权限-删除','权限管理-权限-删除','pms:permission:delete'),

 (21, 0,'ACTIVE', 'roncoo','2016-06-03 11:07:43', 'test', '2016-06-03 11:07:43','权限管理-角色-查看','权限管理-角色-查看','pms:role:view'),
 (22, 0,'ACTIVE', 'roncoo','2016-06-03 11:07:43', 'test', '2016-06-03 11:07:43','权限管理-角色-添加','权限管理-角色-添加','pms:role:add'),
 (23, 0,'ACTIVE', 'roncoo','2016-06-03 11:07:43', 'test', '2016-06-03 11:07:43','权限管理-角色-修改','权限管理-角色-修改','pms:role:edit'),
 (24, 0,'ACTIVE', 'roncoo','2016-06-03 11:07:43', 'test', '2016-06-03 11:07:43','权限管理-角色-删除','权限管理-角色-删除','pms:role:delete'),
 (25, 0,'ACTIVE', 'roncoo','2016-06-03 11:07:43', 'test', '2016-06-03 11:07:43','权限管理-角色-分配权限','权限管理-角色-分配权限','pms:role:assignpermission'),

 (31, 0,'ACTIVE', 'roncoo','2016-06-03 11:07:43', 'test', '2016-06-03 11:07:43','权限管理-操作员-查看','权限管理-操作员-查看','pms:operator:view'),
 (32, 0,'ACTIVE', 'roncoo','2016-06-03 11:07:43', 'test', '2016-06-03 11:07:43','权限管理-操作员-添加','权限管理-操作员-添加','pms:operator:add'),
 (33, 0,'ACTIVE', 'roncoo','2016-06-03 11:07:43', 'test', '2016-06-03 11:07:43','权限管理-操作员-查看','权限管理-操作员-修改','pms:operator:edit'),
 (34, 0,'ACTIVE', 'roncoo','2016-06-03 11:07:43', 'test', '2016-06-03 11:07:43','权限管理-操作员-冻结与解冻','权限管理-操作员-冻结与解冻','pms:operator:changestatus'),
 (35, 0,'ACTIVE', 'roncoo','2016-06-03 11:07:43', 'test', '2016-06-03 11:07:43','权限管理-操作员-重置密码','权限管理-操作员-重置密码','pms:operator:resetpwd'),


 (51, 0,'ACTIVE', 'roncoo','2016-06-03 11:07:43', 'test', '2016-06-03 11:07:43','账户管理-账户-查看','账户管理-账户-查看','account:accountInfo:view'),
 (52, 0,'ACTIVE', 'roncoo','2016-06-03 11:07:43', 'test', '2016-06-03 11:07:43','账户管理-账户-添加','账户管理-账户-添加','account:accountInfo:add'),
 (53, 0,'ACTIVE', 'roncoo','2016-06-03 11:07:43', 'test', '2016-06-03 11:07:43','账户管理-账户-查看','账户管理-账户-修改','account:accountInfo:edit'),
 (54, 0,'ACTIVE', 'roncoo','2016-06-03 11:07:43', 'test', '2016-06-03 11:07:43','账户管理-账户-删除','账户管理-账户-删除','account:accountInfo:delete'),

 (61, 0,'ACTIVE', 'roncoo','2016-06-03 11:07:43', 'test', '2016-06-03 11:07:43','账户管理-账户历史-查看','账户管理-账户历史-查看','account:accountHistory:view'),

 (71, 0,'ACTIVE', 'roncoo','2016-06-03 11:07:43', 'test', '2016-06-03 11:07:43','用户管理-用户信息-查看','用户管理-用户信息-查看','user:userInfo:view'),
 (72, 0,'ACTIVE', 'roncoo','2016-06-03 11:07:43', 'test', '2016-06-03 11:07:43','用户管理-用户信息-添加','用户管理-用户信息-添加','user:userInfo:add'),
 (73, 0,'ACTIVE', 'roncoo','2016-06-03 11:07:43', 'test', '2016-06-03 11:07:43','用户管理-用户信息-查看','用户管理-用户信息-修改','user:userInfo:edit'),
 (74, 0,'ACTIVE', 'roncoo','2016-06-03 11:07:43', 'test', '2016-06-03 11:07:43','用户管理-用户信息-删除','用户管理-用户信息-删除','user:userInfo:delete'),

 (81, 0,'ACTIVE', 'roncoo','2016-06-03 11:07:43', 'test', '2016-06-03 11:07:43','支付管理-支付产品-查看','支付管理-支付产品-查看','pay:product:view'),
 (82, 0,'ACTIVE', 'roncoo','2016-06-03 11:07:43', 'test', '2016-06-03 11:07:43','支付管理-支付产品-添加','支付管理-支付产品-添加','pay:product:add'),
 (83, 0,'ACTIVE', 'roncoo','2016-06-03 11:07:43', 'test', '2016-06-03 11:07:43','支付管理-支付产品-查看','支付管理-支付产品-修改','pay:product:edit'),
 (84, 0,'ACTIVE', 'roncoo','2016-06-03 11:07:43', 'test', '2016-06-03 11:07:43','支付管理-支付产品-删除','支付管理-支付产品-删除','pay:product:delete'),

 (85, 0,'ACTIVE', 'roncoo','2016-06-03 11:07:43', 'test', '2016-06-03 11:07:43','支付管理-支付方式-查看','支付管理-支付方式-查看','pay:way:view'),
 (86, 0,'ACTIVE', 'roncoo','2016-06-03 11:07:43', 'test', '2016-06-03 11:07:43','支付管理-支付方式-添加','支付管理-支付方式-添加','pay:way:add'),
 (87, 0,'ACTIVE', 'roncoo','2016-06-03 11:07:43', 'test', '2016-06-03 11:07:43','支付管理-支付方式-查看','支付管理-支付方式-修改','pay:way:edit'),
 (88, 0,'ACTIVE', 'roncoo','2016-06-03 11:07:43', 'test', '2016-06-03 11:07:43','支付管理-支付方式-删除','支付管理-支付方式-删除','pay:way:delete'),

 (91, 0,'ACTIVE', 'roncoo','2016-06-03 11:07:43', 'test', '2016-06-03 11:07:43','支付管理-支付配置-查看','支付管理-支付配置-查看','pay:config:view'),
 (92, 0,'ACTIVE', 'roncoo','2016-06-03 11:07:43', 'test', '2016-06-03 11:07:43','支付管理-支付配置-添加','支付管理-支付配置-添加','pay:config:add'),
 (93, 0,'ACTIVE', 'roncoo','2016-06-03 11:07:43', 'test', '2016-06-03 11:07:43','支付管理-支付配置-查看','支付管理-支付配置-修改','pay:config:edit'),
 (94, 0,'ACTIVE', 'roncoo','2016-06-03 11:07:43', 'test', '2016-06-03 11:07:43','支付管理-支付配置-删除','支付管理-支付配置-删除','pay:config:delete'),

 (101, 0,'ACTIVE', 'roncoo','2016-06-03 11:07:43', 'test', '2016-06-03 11:07:43','交易管理-订单-查看','交易管理-订单-查看','trade:order:view'),
 (102, 0,'ACTIVE', 'roncoo','2016-06-03 11:07:43', 'test', '2016-06-03 11:07:43','交易管理-订单-添加','交易管理-订单-添加','trade:order:add'),
 (103, 0,'ACTIVE', 'roncoo','2016-06-03 11:07:43', 'test', '2016-06-03 11:07:43','交易管理-订单-查看','交易管理-订单-修改','trade:order:edit'),
 (104, 0,'ACTIVE', 'roncoo','2016-06-03 11:07:43', 'test', '2016-06-03 11:07:43','交易管理-订单-删除','交易管理-订单-删除','trade:order:delete'),

 (111, 0,'ACTIVE', 'roncoo','2016-06-03 11:07:43', 'test', '2016-06-03 11:07:43','交易管理-记录-查看','交易管理-记录-查看','trade:record:view'),
 (112, 0,'ACTIVE', 'roncoo','2016-06-03 11:07:43', 'test', '2016-06-03 11:07:43','交易管理-记录-添加','交易管理-记录-添加','trade:record:add'),
 (113, 0,'ACTIVE', 'roncoo','2016-06-03 11:07:43', 'test', '2016-06-03 11:07:43','交易管理-记录-查看','交易管理-记录-修改','trade:record:edit'),
 (114, 0,'ACTIVE', 'roncoo','2016-06-03 11:07:43', 'test', '2016-06-03 11:07:43','交易管理-记录-删除','交易管理-记录-删除','trade:record:delete'),

 (121, 0,'ACTIVE', 'roncoo','2016-06-03 11:07:43', 'test', '2016-06-03 11:07:43','结算管理-记录-查看','结算管理-记录-查看','sett:record:view'),
 (122, 0,'ACTIVE', 'roncoo','2016-06-03 11:07:43', 'test', '2016-06-03 11:07:43','结算管理-记录-添加','结算管理-记录-添加','sett:record:add'),
 (123, 0,'ACTIVE', 'roncoo','2016-06-03 11:07:43', 'test', '2016-06-03 11:07:43','结算管理-记录-查看','结算管理-记录-修改','sett:record:edit'),
 (124, 0,'ACTIVE', 'roncoo','2016-06-03 11:07:43', 'test', '2016-06-03 11:07:43','结算管理-记录-删除','结算管理-记录-删除','sett:record:delete'),

 (131, 0,'ACTIVE', 'roncoo','2016-06-03 11:07:43', 'test', '2016-06-03 11:07:43','对账管理-差错-查看','对账管理-差错-查看','recon:mistake:view'),
 (132, 0,'ACTIVE', 'roncoo','2016-06-03 11:07:43', 'test', '2016-06-03 11:07:43','对账管理-差错-添加','对账管理-差错-添加','recon:mistake:add'),
 (133, 0,'ACTIVE', 'roncoo','2016-06-03 11:07:43', 'test', '2016-06-03 11:07:43','对账管理-差错-查看','对账管理-差错-修改','recon:mistake:edit'),
 (134, 0,'ACTIVE', 'roncoo','2016-06-03 11:07:43', 'test', '2016-06-03 11:07:43','对账管理-差错-删除','对账管理-差错-删除','recon:mistake:delete'),

 (141, 0,'ACTIVE', 'roncoo','2016-06-03 11:07:43', 'test', '2016-06-03 11:07:43','对账管理-批次-查看','对账管理-批次-查看','recon:batch:view'),
 (142, 0,'ACTIVE', 'roncoo','2016-06-03 11:07:43', 'test', '2016-06-03 11:07:43','对账管理-批次-添加','对账管理-批次-添加','recon:batch:add'),
 (143, 0,'ACTIVE', 'roncoo','2016-06-03 11:07:43', 'test', '2016-06-03 11:07:43','对账管理-批次-查看','对账管理-批次-修改','recon:batch:edit'),
 (144, 0,'ACTIVE', 'roncoo','2016-06-03 11:07:43', 'test', '2016-06-03 11:07:43','对账管理-批次-删除','对账管理-批次-删除','recon:batch:delete'),

 (151, 0,'ACTIVE', 'roncoo','2016-06-03 11:07:43', 'test', '2016-06-03 11:07:43','对账管理-缓冲池-查看','对账管理-缓冲池-查看','recon:scratchPool:view'),
 (152, 0,'ACTIVE', 'roncoo','2016-06-03 11:07:43', 'test', '2016-06-03 11:07:43','对账管理-缓冲池-添加','对账管理-缓冲池-添加','recon:scratchPool:add'),
 (153, 0,'ACTIVE', 'roncoo','2016-06-03 11:07:43', 'test', '2016-06-03 11:07:43','对账管理-缓冲池-查看','对账管理-缓冲池-修改','recon:scratchPool:edit'),
 (154, 0,'ACTIVE', 'roncoo','2016-06-03 11:07:43', 'test', '2016-06-03 11:07:43','对账管理-缓冲池-删除','对账管理-缓冲池-删除','recon:scratchPool:delete'),

 (266, 0,'ACTIVE', 'roncoo','2016-06-03 11:07:43', 'test', '2016-06-03 11:07:43','进件记录管理--查看','进件记录管理--查看','trade:micro:submit:record:list'),
 (267, 0,'ACTIVE', 'roncoo','2016-06-03 11:07:43', 'test', '2016-06-03 11:07:43','进件记录管理--添加','进件记录管理--添加','trade:micro:submit:record:add'),
 (268, 0,'ACTIVE', 'roncoo','2016-06-03 11:07:43', 'test', '2016-06-03 11:07:43','进件记录管理--查询','进件记录管理--查询','trade:micro:submit:record:query');

-- -----------------------------------step3：操作员--------------------------------------------
-- -- 操作员的初始化数据
--  admin 超级管理员
insert into pms_operator (id,version,status,creater,create_time, editor, edit_time, remark, login_name, login_pwd,real_name,mobile_no,type,salt)
values (1, 0, 'ACTIVE','roncoo','2016-06-03 11:07:43', 'admin','2016-06-03 11:07:43', '超级管理员', 'admin', 'd3c59d25033dbf980d29554025c23a75','超级管理员', '18620936193', 'ADMIN','8d78869f470951332959580424d4bf4f');

--  guest  游客
insert into pms_operator (id,version,status,creater,create_time, editor, edit_time, remark, login_name, login_pwd,real_name,mobile_no,type,salt)
values (2, 0, 'ACTIVE','roncoo','2016-06-03 11:07:43', 'guest','2016-06-03 11:07:43', '游客', 'guest', '3f0dbf580ee39ec03b632cb33935a363','游客', '18926215592', 'USER','183d9f2f0f2ce760e98427a5603d1c73');

-- ------------------------------------step4：角色-------------------------------------------
-- -- 角色的初始化数据
insert into pms_role (id,version,status,creater,create_time, editor, edit_time, remark, role_code, role_name)
values (1, 0,'ACTIVE', 'roncoo','2016-06-03 11:07:43', 'admin', '2016-06-03 11:07:43','超级管理员角色','admin', '超级管理员角色');

insert into pms_role (id,version,status,creater,create_time, editor, edit_time, remark, role_code, role_name)
values (2, 0,'ACTIVE', 'roncoo','2016-06-03 11:07:43', 'guest', '2016-06-03 11:07:43','游客角色','guest', '游客角色');

-- ------------------------------------step5：操作员和角色关联-------------------------------------------
-- -- 操作员与角色关联的初始化数据

--  admin  关联admin 和test两个角色
insert into pms_role_operator (id,version,status,creater,create_time, editor, edit_time, remark,role_id,operator_id) values (1, 0,'ACTIVE', 'roncoo','2016-06-03 11:07:43', 'test', '2016-06-03 11:07:43','',1,1);
insert into pms_role_operator (id,version,status,creater,create_time, editor, edit_time, remark,role_id,operator_id) values (2, 0,'ACTIVE', 'roncoo','2016-06-03 11:07:43', 'test', '2016-06-03 11:07:43','',2,1);

-- guest  关联游客角色  （游客角色只有查看交易记录的信息）
insert into pms_role_operator (id,version,status,creater,create_time, editor, edit_time, remark,role_id,operator_id) values (3, 0,'ACTIVE', 'roncoo','2016-06-03 11:07:43', 'test', '2016-06-03 11:07:43','',2,2);

-- -------------------------------------step6：角色和权限关联------------------------------------------
-- -- 角色与用户功能点关联的初始化数据

-- admin（拥有所有的权限点）
insert into pms_role_permission  (role_id, permission_id) select 1,id from PMS_PERMISSION;


-- guest （只有所有的查看权限）
insert into pms_role_permission (version,status,creater,create_time, editor, edit_time, remark,role_id,permission_id)
values
 ( 0,'ACTIVE', 'roncoo','2016-06-03 11:07:43', 'test', '2016-06-03 11:07:43','',2,1),
 ( 0,'ACTIVE', 'roncoo','2016-06-03 11:07:43', 'test', '2016-06-03 11:07:43','',2,11),
 ( 0,'ACTIVE', 'roncoo','2016-06-03 11:07:43', 'test', '2016-06-03 11:07:43','',2,21),
 ( 0,'ACTIVE', 'roncoo','2016-06-03 11:07:43', 'test', '2016-06-03 11:07:43','',2,31),
 ( 0,'ACTIVE', 'roncoo','2016-06-03 11:07:43', 'test', '2016-06-03 11:07:43','',2,41),
 ( 0,'ACTIVE', 'roncoo','2016-06-03 11:07:43', 'test', '2016-06-03 11:07:43','',2,51),
 ( 0,'ACTIVE', 'roncoo','2016-06-03 11:07:43', 'test', '2016-06-03 11:07:43','',2,61),
 ( 0,'ACTIVE', 'roncoo','2016-06-03 11:07:43', 'test', '2016-06-03 11:07:43','',2,71),
 ( 0,'ACTIVE', 'roncoo','2016-06-03 11:07:43', 'test', '2016-06-03 11:07:43','',2,81),
 ( 0,'ACTIVE', 'roncoo','2016-06-03 11:07:43', 'test', '2016-06-03 11:07:43','',2,85),
 ( 0,'ACTIVE', 'roncoo','2016-06-03 11:07:43', 'test', '2016-06-03 11:07:43','',2,91),
 ( 0,'ACTIVE', 'roncoo','2016-06-03 11:07:43', 'test', '2016-06-03 11:07:43','',2,101),
 ( 0,'ACTIVE', 'roncoo','2016-06-03 11:07:43', 'test', '2016-06-03 11:07:43','',2,111),
 ( 0,'ACTIVE', 'roncoo','2016-06-03 11:07:43', 'test', '2016-06-03 11:07:43','',2,121),
 ( 0,'ACTIVE', 'roncoo','2016-06-03 11:07:43', 'test', '2016-06-03 11:07:43','',2,131),
 ( 0,'ACTIVE', 'roncoo','2016-06-03 11:07:43', 'test', '2016-06-03 11:07:43','',2,141),
 ( 0,'ACTIVE', 'roncoo','2016-06-03 11:07:43', 'test', '2016-06-03 11:07:43','',2,151);

-- -------------------------------------step7：角色和菜单关联------------------------------------------
--  角色与信息关联初始化数据
-- admin

insert into pms_menu_role(role_id, menu_id) select 1,id from PMS_MENU;

-- guest  所有的菜单（只有查看权限）
insert into pms_menu_role (role_id, menu_id) select 2,id from PMS_MENU;